 by Role ,按角色
 is not set,没有设置
"""Company History""",“公司历史”
"""Team Members"" or ""Management""",“团队成员”或“管理团队”
'In List View' not allowed for type {0} in row {1},“在列表视图中”在{1}行不允许类型{0}
0 - Draft; 1 - Submitted; 2 - Cancelled,0 - 草稿; 1 - 已提交; 2 - 已取消
0 is highest,0是最高的
"000 is black, fff is white",000是黑色的，FFF是白色的
2 days ago,2天前
"<a href=""https://en.wikipedia.org/wiki/Transport_Layer_Security"" target=""_blank"">[?]</a>",<a href='https://en.wikipedia.org/wiki/Transport_Layer_Security' target='_blank'>[?]</a>
"<a onclick=""msgprint('<ol>\
<li><b>field:[fieldname]</b> - By Field\
<li><b>naming_series:</b> - By Naming Series (field called naming_series must be present\
<li><b>Prompt</b> - Prompt user for a name\
<li><b>[series]</b> - Series by prefix (separated by a dot); for example PRE.#####\
</ol>')"">Naming Options</a>","<a onclick=""msgprint('<ol>\
<li><b>field:[fieldname]</b> - By Field\
<li><b>naming_series:</b> - By Naming Series (field called naming_series must be present\
<li><b>Prompt</b> - Prompt user for a name\
<li><b>[series]</b> - Series by prefix (separated by a dot); for example PRE.#####\
</ol>')"">Naming Options</a>"
<b>new</b> <i>type of document</i>,<b>新建</b> <i>文档类型</i>
"<i>document type...</i>, e.g. <b>customer</b>",<i>文档类型...</i> 例如 <b>客户</b>
<i>e.g. <strong>(55 + 434) / 4</strong> or <strong>=Math.sin(Math.PI/2)</strong>...</i>,<i>例如 <strong>(55 + 434) / 4</strong> 或者 <strong>=Math.sin(Math.PI/2)</strong>...</i>
<i>module name...</i>,<i>模块名称...</i>
<i>text</i> <b>in</b> <i>document type</i>, <i>文档类型</i><b>中的</b><i>文本</i>
A user can be permitted to multiple records of the same DocType.,用户可以被允许访问同一文档类型的多个记录。
About,关于
About Us Settings,关于我们设置
About Us Team Member,关于我们团队成员
Action,行为
Actions,操作
"Actions for workflow (e.g. Approve, Cancel).",对工作流操作(例如审批，取消)
Add,添加
Add A New Rule,添加新的规则
Add A User Permission,添加一个用户权限
Add Attachments,添加附件
Add Bookmark,添加书签
Add CSS,添加CSS
Add Column,添加列
Add Google Analytics ID: eg. UA-89XXX57-1. Please search help on Google Analytics for more information.,添加谷歌Analytics（分析）ID：例如。 UA-89XXX57-1。请搜索在谷歌Analytics（分析）帮助以获取更多信息。
Add Message,发表留言
Add New Permission Rule,添加新的权限规则
Add Reply,添加回复
Add Total Row,添加总行数
Add a New Role,添加新角色
Add a banner to the site. (small banners are usually good),添加一个横幅挂在了网站上。 （小点的横幅通常是不错的）
Add all roles,添加的所有角色
Add attachment,添加附件
Add code as &lt;script&gt;,添加代码为&lt;script&gt;
Add custom javascript to forms.,添加自定义的javascript到表单。
Add fields to forms.,将字段添加到表单。
Add multiple rows,添加多行
Add new row,添加新行
"Add the name of <a href=""http://google.com/webfonts"" target=""_blank"">Google Web Font</a> e.g. ""Open Sans""",新增名称<a href='http://google.com/webfonts' target='_blank'>谷歌网页字体</a> 例如'开放三世'
Add to To Do,添加到待办事项
Add to To Do List Of,添加到待办事项列表
Added {0} ({1}),{0}({1})已添加
Adding System Manager to this User as there must be atleast one System Manager,将用户设置为系统管理员，因为必须至少有一个系统管理员
Additional Info,附加信息
Additional Permissions,额外的权限
Address,地址
Address Line 1,地址第一行
Address Line 2,地址第二行
Address Title,地址名称
Address and other legal information you may want to put in the footer.,要放在页脚的信息例如地址和其他法律信息。
Admin,管理员
All Applications,所有应用
All Day,全天
All customizations will be removed. Please confirm.,所有自定义选项都会被移除;请确认您的操作
"All possible Workflow States and roles of the workflow. <br>Docstatus Options: 0 is""Saved"", 1 is ""Submitted"" and 2 is ""Cancelled""",所有可能的工作流程状态和工作流的角色。 <br> Docstatus选项：0是“保存”，1“已提交”和2“取消”
Allow Attach,允许附加
Allow Import,允许导入
Allow Import via Data Import Tool,允许通过数据导入工具导入
Allow Rename,允许重命名
Allow on Submit,允许提交
Allow user to login only after this hour (0-24),仅允许用户在此时间之后登陆（0-24）
Allow user to login only before this hour (0-24),仅允许用户仅在此时间之前登录（0-24）
Allowed,允许
"Allowing DocType, DocType. Be careful!",允许的DocType 。请谨慎操作！
Already Registered,已注册
Already in user's To Do list,已经在用户的待办列表中
Alternative download link,点击链接进行下载
"Alternatively, you can also specify 'auto_email_id' in site_config.json",另外，您还可以在site_config.json指定auto_email_id
Always use above Login Id as sender,请务必使用上述登录人作为发件人
Amend,修改
"An icon file with .ico extension. Should be 16 x 16 px. Generated using a favicon generator. [<a href=""http://favicon-generator.org/"" target=""_blank"">favicon-generator.org</a>]","一个图标文件，扩展名为.ico.应该是16×16像素.使用的favicon生成器生成. [ <a href=""http://favicon-generator.org/"" target=""_blank"">favicon-generator.org</a> ]"
"Another {0} with name {1} exists, select another name",另一个{0}姓名为{1}的已经存在，请选择另一个名字
Any existing permission will be deleted / overwritten.,现有的权限将被删除/覆盖。
Anyone Can Read,任何人都可以查看
Anyone Can Write,任何人都可以写入
"Apart from Role based Permission Rules, you can apply User Permissions based on DocTypes.",除了基于角色的权限规则，您可以根据文档类型应用用户权限。
"Apart from System Manager, roles with 'Set User Permissions' right can set permissions for other users for that Document Type.",除了系统管理员之外，有设置用户权限权利的角色同样可以为其他用户的文件类型设置相应的权限。
App Name,应用程序名称
App not found,应用程序未找到
Application Installer,应用程序安装器
Applications,应用
Apply Style,应用样式
Apply User Permissions,应用用户权限设置
Are you sure you want to delete the attachment?,您确定要删除附件?
Arial,宋体
"As a best practice, do not assign the same set of permission rule to different Roles. Instead, set multiple Roles to the same User.",最好的做法：不要分配相同的权限给不同的角色。相反的，可以设置多个角色给相同的用户。
Ascending,升序
Assign To,分配给
Assigned By,由谁分配
Assigned To,已分配给
Assigned To Fullname,已分配给(全名)
Assigned To/Owner,已分配的人或所有者
Assignment Added,已添加的分配
Assignment Status Changed,任务分配状态改变
Assignments,分配事项
Attach,附加
Attach Document Print,附加文档打印
Attach as web link,附加为网站链接
Attached To DocType,附加到DocType(文档类型)
Attached To Name,附加到此名称
Attachments,附件
Auto Email Id,自动电子邮件
Auto Name,自动名称
Auto generated,自动生成
Avatar,头像
Back to Login,返回登录
Background Color,背景颜色
Background Image,背景图片
Background Style,背景样式
Banner,横幅
Banner HTML,横幅的HTML
Banner Image,横幅图片
Banner is above the Top Menu Bar.,顶部菜单栏上面的横幅
Begin this page with a slideshow of images,给页面添加图片幻灯片
Beginning with,以某某开头
Belongs to,属于
Bio,生物
Birth Date,出生日期
Blog Category,博客分类
Blog Intro,博客介绍
Blog Introduction,博客简介
Blog Post,博客文章
Blog Settings,博客设置
Blog Title,博客标题
Blogger,博客人员
Bookmarks,书签
Both login and password required,需要登录名和密码
Brand HTML,品牌的HTML
Bulk Email,群发邮件
Bulk email limit {0} crossed,已超过群发电子邮件的限制{0}
Button,按钮
By,通过
Calculate,计算
Calendar,日历
Cancel,取消
Cancelled,已取消
"Cannot Edit {0} directly: To edit {0} properties, create / update {1}, {2} and {3}",不能直接编辑{0}：要编辑属性{0}，创建/更新{1}，{2}和{3}
Cannot Update: Incorrect / Expired Link.,无法更新：不正确的/过期的链接。
Cannot Update: Incorrect Password,无法更新：不正确的密码
Cannot add more than 50 comments,无法添加超过50评论
Cannot cancel before submitting. See Transition {0},提交之前不能取消。
Cannot change picture,不能更改图片
Cannot change state of Cancelled Document. Transition row {0},不能改变已被注销的文档的状态。
Cannot change {0},不能改变{0}
Cannot delete or cancel because {0} {1} is linked with {2} {3},不能删除或取消，因为{0} {1}与{2} {3}有关联
Cannot delete {0} as it has child nodes,无法删除{0} ，因为它有子节点
Cannot edit standard fields,不能编辑标准字段
Cannot map because following condition fails: ,无法对应，因为以下条件失败：
Cannot open instance when its {0} is open,无法打开实例时当它的{0}是打开状态
Cannot open {0} when its instance is open,无法打开{0}当它的实例是打开状态
Cannot print cancelled documents,无法打印已被注销的文档
Cannot remove permission for DocType: {0} and Name: {1},DocType为:{0}应用的权限名:{1}无法被移除
Cannot reply to a reply,无法针对某个回复做回复
Cannot set Email Alert on Document Type {0},无法对文件类型{0}设置电子邮件警报通知
Cannot set permission for DocType: {0} and Name: {1},无法为DocType名称为:{0}设置权限:{1}
Categorize blog posts.,分类博客文章
Category,类别
Category Name,分类名称
Center,中心
"Certain documents, like an Invoice, should not be changed once final. The final state for such documents is called Submitted. You can restrict which roles can Submit.",某些文档，如发票，一旦产生出来就不应该更改.这些文档的最终状态为已提交.您可以限制哪些角色可以做提交操作。
"Change field properties (hide, readonly, permission etc.)",更改字段属性（隐藏，只读，权限等）
Chat,聊天
Check,检查
Check / Uncheck roles assigned to the User. Click on the Role to find out what permissions that Role has.,选中/取消选中分配给个人的角色。点击角色就能查看角色被赋予了哪些权限。
Check this if you want to send emails as this id only (in case of restriction by your email provider).,如果您要以这个Email ID作为标识发送邮件，请勾选这个选项。
Check this to make this the default letter head in all prints,勾选让此抬头默认出现在所有打印中 
Check which Documents are readable by a User,勾选用户只读的文档
Checked items shown on desktop,在桌面上显示勾选的应用
Child Tables are shown as a Grid in other DocTypes.,子表中会显示在一个表格中。
City,城市
Classic,经典
Clear Cache,清除缓存
Clear all roles,清除所有角色
Click on a link to get options,点击一个链接以获取选项
Click on row to view / edit.,点击行可查看/编辑
Client,客户
Client-side formats are now deprecated,客户端格式现已弃用
Close,关闭
Close: {0},关闭:{0}
Closed,已关闭
Code,编码
Collapse,折叠
Column Break,列分栏符
Comment,评论
Comment By,评论人
Comment By Fullname,评论人全名
Comment Date,评论日期
Comment Docname,给文档名称添加评论
Comment Doctype,给文档类型添加评论
Comment Time,评论时间
Comments,评论列表
Communication,沟通
Communication Medium,沟通媒介
Company History,公司历史
Company Introduction,公司简介
Complaint,投诉
Complete By,完成者
Condition,条件
Contact Us Settings,联系我们的设置
"Contact options, like ""Sales Query, Support Query"" etc each on a new line or separated by commas.",联系人选项，如“销售查询，客户支持查询”等每一个新行或以逗号分隔。
Content,内容
Content Hash,内容哈希
Content in markdown format that appears on the main side of your page,在页面的主侧出现以markdown格式显示的内容
Content web page.,内容的网页.
Controller,控制器
Copy,复制
Copyright,版权
Core,核心
Could not connect to outgoing email server,无法连接到外发邮件服务器
Could not find {0},找不到{0}
Count,计算
Country,国家
Create,创建
Create a new {0},创建一个新{0}
Created Custom Field {0} in {1},在{1}里面已创建自定义字段{0}
Created Customer Issue,已创建的客户反馈的问题
Created Opportunity,机会已创建
Created Support Ticket,客户支持已创建
Creation / Modified By,创建/修改者
Currency,货币
Current status,现状
Custom CSS,自定义CSS
Custom Field,自定义字段
Custom Javascript,自定义JavaScript
Custom Reports,自定义报告
Custom Script,自定义脚本
Custom?,自定义?
Customize,定制
Customize Form,自定义表单
Customize Form Field,自定义表单字段
"Customize Label, Print Hide, Default etc.",自定义标签，打印隐藏，默认值等。
Customized HTML Templates for printing transctions.,自定义HTML模板的打印格式。
Daily Event Digest is sent for Calendar Events where reminders are set.,当提醒被设置后每日精华会被发送至日历事件。
Danger,危险
Data,数据
Data Import / Export Tool,数据导入/导出工具
Data Import Tool,数据导入工具
Data missing in table,表中的数据丢失
Date,日期
Date Change,日期变更
Date Changed,日期已更改
Date Format,日期格式
Date and Number Format,日期和数字格式
Date must be in format: {0},日期格式必须是:{0}
Datetime,日期时间
Days in Advance,提前天数
Dear,尊敬的
Default,默认
Default Print Format,默认打印格式
Default Value,默认值
Default is system timezone,默认为系统时区
"Default: ""Contact Us""",默认：“联系我们”
DefaultValue,默认值
Defaults,默认
"Define read, write, admin permissions for a Website Page.",定义网站页面的读，写，以及管理权限。
Define workflows for forms.,定义工作流表单。
Delete,删除
Delete Row,删除行
Depends On,取决于
Descending,降序
Description,描述
Description and Status,描述和状态
"Description for listing page, in plain text, only a couple of lines. (max 140 characters)",列表页面的描述，使用纯文本并只语序几行.（最多140个字符）
Description for page header.,页面标题描述。
Desktop,桌面
Details,详细信息
Did not add,添加失败
Did not cancel,取消失败
Did not find {0} for {0} ({1}),没有找到{0} ({1})
Did not load,加载失败
Did not remove,删除失败
Did not save,保存失败
"Different ""States"" this document can exist in. Like ""Open"", ""Pending Approval"" etc.",这类型文档可以有不同的状态如打开状态 等待审批状态等等。
Disable Customer Signup link in Login page,客户登录页面不显示注册链接
Disable Signup,禁止注册
Disabled,禁止的
Display,显示
Display Settings,显示设置
Display in the sidebar of this Website Route node,显示在本网站Route节点的侧边栏
Do not allow user to change after set the first time,首次设置后不允许用户再进行更改
Doc Status,文件状态
DocField,文档字段
DocPerm,文档权限
DocType,文档类型
DocType Details,DocType详情
DocType can not be merged,文档类型不能合并
DocType on which this Workflow is applicable.,可以应用工作流的文档类型
DocType or Field,文档类型或字段
Doclist JSON,文档列表JSON数据
Docname,文档名称
Document,文档
Document Status transition from ,文档从状态过渡
Document Status transition from {0} to {1} is not allowed,文档状态从{0}到{1}转换是不允许的
Document Type,文件类型
Document is only editable by users of role,文档只有被赋予了权限的用户才能编辑
Documentation,文档
Documents,文档列表
Download,下载
Download Backup,下载备份
Download link for your backup will be emailed on the following email address:,您的备份的下载链接将通过电子邮件发送以下电子邮件地址：
Drafts,草稿箱
Drag to sort columns,拖动列进行排序
Due Date,到期日
Duplicate name {0} {1},重复的名称{0} {1}
Dynamic Link,动态链接
ERPNext Demo,ERP Boost演示
Edit,编辑
Edit Permissions,编辑权限
Editable,可编辑
Email,电子邮件
Email Alert,邮件警报
Email Alert Recipient,邮件警报收件人
Email Alert Recipients,邮件警报收件人
Email By Document Field,发送至(从文档类型中提取)
Email Footer,电子邮件页脚
Email Host,电子邮件主机
Email Id,电子邮件
Email Login,邮箱登录
Email Password,电子邮件密码
Email Sent,邮件已发送
Email Settings,电子邮件设置
Email Signature,电子邮件签名
Email Use SSL,电子邮件使用SSL
Email address,电子邮件地址
"Email addresses, separted by commas",电子邮件地址，以逗号隔开
Email not verified with {1},电子邮件没有通过{1}验证
Email sent to {0},电子邮件已发送到{0}
Email...,电子邮件...
Emails are muted,电子邮件已停用
Embed image slideshows in website pages.,网页中的图像的幻灯片
Enable,启用
Enable Comments,启用评论
Enable Scheduled Jobs,启用定时任务
Enabled,已启用
Ends on,结束于
Enter Form Type,输入表单类型
Enter Value,输入值
Enter at least one permission row,输入至少一个的权限
"Enter default value fields (keys) and values. If you add multiple values for a field, the first one will be picked. These defaults are also used to set ""match"" permission rules. To see list of fields, go to <a href=""#Form/Customize Form/Customize Form"">Customize Form</a>.",输入默认值字段（键）和值。如果你对一个字段中添加多个值，则第一个将被使用。这些默认值也可用来设置'匹配'的权限规则。要查看字段的列表，请访问<a href='#Form/Customize Form/Customize Form'>自定义表单</a>
"Enter keys to enable login via Facebook, Google, GitHub.",输入Keys用以通过Facebook 谷歌或者GitHub上登录
Equals,等于
Error,错误
"Error generating PDF, attachment sent as HTML",生成PDF错误，附件以HTML发送
Error: Document has been modified after you have opened it,错误：你已经打开了它之后，文件已被其它的人修改
Event,事件
Event Datetime,事件发生时间
Event Individuals,个人时间
Event Role,事件角色
Event Roles,事件角色
Event Type,事件类型
Event User,事件用户
Event end must be after start,时间结束时间必须在开始时间之后
Events,时间列表
Events In Today's Calendar,今天的事件
Every Day,每天
Every Month,每月
Every Week,每一周
Every Year,每年
Everyone,每个人
Example:,例如：
Expand,展开
Export,导出
Export not allowed. You need {0} role to export.,没有权限进行导出。您需要{0}的角色来进行导出。
Exported,已导出
"Expression, Optional",表达式(可选)
Facebook,Facebook的
Facebook Client ID,Facebook的客户端ID
Facebook Client Secret,Facebook的客户端密钥
Facebook Share,Facebook分享
Facebook User ID,Facebook的用户ID
Facebook Username,Facebook的用户名
FavIcon,网站图标
Female,女
Field Description,字段说明
Field Name,字段名称
Field Type,字段类型
"Field that represents the Workflow State of the transaction (if field is not present, a new hidden Custom Field will be created)",代表工作流状态的状态（如果指定的字段不存在，一个新的隐藏的自定义字段将被创建）
Field {0} in row {1} cannot be hidden and mandatory without default,行{1}的字段{0}不能被隐藏，并且必须有默认选项
Field {0} is not selectable.,字段{0}是不可选择的。
Field {0} of type {1} cannot be mandatory,类型{1}的字段{0}不是必须的
Fieldname,字段名
Fieldname is required in row {0},{0}行的字段名是必需
Fieldname not set for Custom Field,字段名不为自定义字段设置
Fieldname which will be the DocType for this link field.,这个链接字段字段名应是DOCTYPE。
Fieldname {0} appears multiple times in rows {1},字段名{0}中多次出现列{1}
"Fieldname {0} cannot contain letters, numbers or spaces",字段名{0}不能包含字母，数字或空格
Fields,字段列表
"Fields separated by comma (,) will be included in the<br /><b>Search By</b> list of Search dialog box",字段用逗号（，）分隔将被纳入<br /> <b>搜索</b>的搜索对话框列表
Fieldtype cannot be changed from {0} to {1} in row {2},第{2}行的字段类型不能从{0}改变为{1}
File,文件
File Data,文件数据
File Name,文件名
File Size,文件大小
File URL,文件的URL
File not attached,文件未被附加
File size exceeded the maximum allowed size of {0} MB,文件大小超过{0} MB的最大允许大小
Fill Screen,填充屏幕
Filter,过滤器
Filter records based on User Permissions defined for a user,基于用户权限筛选出来的记录
Filters,过滤器
Find {0} in {1},在{1}中寻找{0}
First Name,姓
Float,浮点数
Float Precision,浮点数的精度
Font (Heading),字体（标题）
Font (Text),字体（文字）
Font Size,字体大小
Font Size (Text),字体大小（文本）
Fonts,字体列表
Footer,页脚
Footer Background,页脚背景
Footer Items,页脚元素
Footer Text,页脚文本
For DocType,对于DocType而言
"For Links, enter the DocType as range
For Select, enter list of Options separated by comma","对于链接，键入DocType为范围;
对于选择，以逗号分隔键入选择列表"
"For comparative filters, start with",对于比较过滤器，请以说明的开始
For example if you cancel and amend 'INV004' it will become a new document 'INV004-1'. This helps you to keep track of each amendment.,例如，如果你取消并修改“INV004”它将成为一个新的文档“INV004-1”。这样的话可以帮助您追踪每个改变以及版本。
For ranges,对于范围而言
For top bar,对于顶部bar而言
For {0} at level {1} in {2} in row {3},对于第{3}行在{2}中的级别为{1}的{0}而言
Forgot Password,忘记密码
Forgot Password?,忘记密码?
Form,表单
Forum,论坛
Forums,论坛列表
Forward To Email Address,转发到邮件地址
Frappe Framework,框架
Friday,星期五
From Date must be before To Date,开始日期必须在结束日期之前
Full Name,全名
Gantt Chart,甘特图
Gender,性别
Generator,产生器
Georgia,Georgia
Get,获取
Get From ,获取
"Get your globally recognized avatar from <a href=""https://gravatar.com/"">Gravatar.com</a>",从<a href='https://gravatar.com/'> Gravatar.com </a>得到一个头像
GitHub,GitHub
GitHub Client ID,GitHub的客户ID
GitHub Client Secret,GitHub的客户端密钥
Github User ID,Github 用户ID
Github Username,Github 用户名
Google,谷歌
Google Analytics ID,谷歌Analytics（分析）的ID
Google Client ID,谷歌客户ID
Google Client Secret,谷歌客户端密钥
Google Plus One,谷歌+
Google User ID,谷歌的用户ID
Google Web Font (Heading),谷歌网页字体（标题）
Google Web Font (Text),谷歌网页字体（文字）
Greater or equals,大于或等于
Greater than,大于
"Group Added, refreshing...",组已添加，刷新...
Group Description,组简介
Group Name,组名称
Group Title,组标题
Group Type,组类型
Groups,组
HTML for header section. Optional,标题的HTML(可选)
Have an account? Login,已经有帐户？登录
Header,标头
Heading,标题
Heading Text As,标题文字
Help,帮助
Help on Search,搜索帮助
Helvetica Neue,Helvetica Neue字体
Hidden,隐藏
Hide Actions,隐藏操作
Hide Copy,隐藏复制操作
Hide Heading,隐藏标题
Hide Toolbar,隐藏工具栏
Hide the sidebar,隐藏侧边栏
High,高
Highlight,突出
History,历史
Home Page,首页
Home Page is Products,首页显示产品
ID (name) of the entity whose property is to be set,实体的属性需要被设置
Icon,图标
Icon will appear on the button,图标将显示在按钮上
"If a Role does not have access at Level 0, then higher levels are meaningless.",如果角色没有0级权限，那么更高级的权限是没有意义的。
"If checked, an email with an attached HTML format will be added to part of the EMail body as well as attachment. To only send as attachment, uncheck this.",如果选中，则带有附加的HTML格式的电子邮件会被添加到电子邮件正文的一部分，以及作为附件。如果只作为附件发送，请取消勾选此。
"If checked, the Home page will be the default Item Group for the website.",如果选中，网站的主页将显示默认的产品或服务。
"If image is selected, color will be ignored (attach first)",如果图像被选中，颜色将被忽略
If non standard port (e.g. 587),如果非标准端口（如587）
"If these instructions where not helpful, please add in your suggestions on GitHub Issues.",如果这些指令没有帮助，请加在GitHub上的提出你的建议。
"If you set this, this Item will come in a drop-down under the selected parent.",如果你设置这个，这个项目会显示在父菜单的下拉菜单中。
Ignore User Permissions,忽略用户权限
"Ignoring Item {0}, because a group exists with the same name!",忽略项目{0} ，因为已经存在具有相同名字的项目！
Image,图像
Image Link,图片链接
Import,导入
Import / Export Data,导入/导出数据
Import / Export Data from .csv files.,从CSV文件导入/导出数据。
In,包括
In Dialog,在对话框中
In Filter,在过滤器中
In List View,在列表视图中
In Report Filter,在报表筛选中
In points. Default is 9.,以点为单位;默认值是9
In response to,响应
Incorrect value in row {0}: {1} must be {2} {3},不正确的值在第{0}行: {1}必须是{2} {3}
Incorrect value: {0} must be {1} {2},不正确的值：{0}必须是{1} {2}
Index,索引
Individuals,个人
Info,信息
Insert After,添加在之后
"Insert After field '{0}' mentioned in Custom Field '{1}', does not exist",字段“{0}”后添加的字段的自定义字段“{1}”，不存在
Insert Below,在下面添加
Insert Code,添加代码
Insert Row,添加行
Insert Style,添加样式
Install Applications.,安装应用程序
Installed,已安装
Installer,安装程序
Int,诠释
Integrations,集成
Introduce your company to the website visitor.,介绍贵公司给网站访客
Introduction,介绍
Introductory information for the Contact Us Page,联系我们页面的介绍信息
Invalid Email: {0},无效的电子邮件:{0}
Invalid Filter: {0},无效的过滤器:{0}
Invalid Home Page,无效的主页
Invalid Login,无效登录
Invalid Outgoing Mail Server or Port,无效的发送邮件服务器或端口
Invalid login or password,无效的登录名或密码
Invalid recipient address,无效的收件人地址
Inverse,反向(反转)
Is Active,是有效的
Is Child Table,是子表
Is Default,是默认
Is Event,是事件
Is Mandatory Field,是必填项
Is Single,是单个的
Is Standard,为标准的
Is Submittable,是可提交的
Is Task,是任务
Item cannot be added to its own descendents,不能将自己添加为自己的子项
JavaScript Format: frappe.query_reports['REPORTNAME'] = {},JavaScript的格式: frappe.query_reports [&#39;REPORTNAME&#39;] = {}
Javascript,Javascript
Javascript to append to the head section of the page.,Javascript附加到页面的head部分。
Key,关键
Label,标签
Label Help,标签说明
Label and Type,标签和类型
Label is mandatory,标签是强制性的
Landing Page,着陆页
Language,语言
Language preference for user interface (only if available).,用户界面的语言偏好（如果有的话）。
"Language, Date and Time settings",语言，日期和时间设置
Last IP,最后一个IP
Last Login,上次登录
Last Name,名
Last updated by,最后更新人
Lastmod,上一个更改人
Lato,Lato
Leave blank to repeat always,留空来设置总是重复
Left,左边
Less or equals,小于或等于
Less than,小于
Letter Head,信头
Letter,信
Letter Head Name,信头名
Letter Head in HTML,信头中的HTML
Level,级别
"Level 0 is for document level permissions, higher levels for field level permissions.",0级是文档级权限，更高层次为字段级权限。
Like,类似于
Link,链接
"Link that is the website home page. Standard Links (index, login, products, blog, about, contact)",网站的主页链接。标准链接（索引，登录，产品，博客，关于，联系）
Link to other pages in the side bar and next section,通过侧边栏和章节链接到其它的页面
Link to the page you want to open,链接到你想打开的网页
Linked In Share,Linked In 分享
Linked With,与网站链接
List,列表
List a document type,列出一个文档类型
List of Web Site Forum's Posts.,网站论坛的帖子列表。
Loading,载入中
Loading Report,加载报表
Loading...,载入中...
Localization,本地化
Location,位置
Log of error on automated events (scheduler).,记录自动化事件（调度）的错误。
Login,登录
Login After,登录后
Login Before,登录前
Login Id,登录ID
Login not allowed at this time,不允许在这个时候登录
Logout,注销
Long Text,长文本
Low,低
Lucida Grande,Lucida Grande
Mail Password,邮件密码
Main Section,主章节
Make a new,创建一个新的
Make a new record,创建一条新纪录
Male,男性
Manage cloud backups on Dropbox,管理Dropbox云备份
Manage uploaded files.,管理上传的文件
Mandatory,强制的
Mandatory fields required in {0},{0}中的必填字段
Mandatory filters required:\n,必填的过滤条件:\n
Master,主数据
Max Attachments,最大附件大小
Max width for type Currency is 100px in row {0},第{0}行中的最大货币宽度是100px
"Meaning of Submit, Cancel, Amend",提交，取消，修改的含义
Medium,中等
"Menu items in the Top Bar. For setting the color of the Top Bar, go to <a href=""#Form/Style Settings"">Style Settings</a>","顶栏菜单项。设置最上面一栏的颜色，<a href=""#Form/Style Settings"">样式设置</a>"
Merging is only possible between Group-to-Group or Leaf Node-to-Leaf Node,合并只能发生在组到组或叶节点到叶节点
Message,消息
Message Examples,消息示例
Messages,消息列表
Method,方法
Middle Name (Optional),中间名（可选）
Misc,杂项
Miscellaneous,杂项
Missing Values Required,未填的必填项
Modern,现代
Modified by,由谁修改
Module,模块
Module Def,模块定义
Module Name,模块名称
Module Not Found,模块未找到
Modules Setup,模块架设
Monday,星期一
More,更多
More content for the bottom of the page.,页面的底部添加更多的内容。
Move Down: {0},下移:{0}
Move Up: {0},上移:{0}
Multiple root nodes not allowed.,不允许多个根节点。
Must have report permission to access this report.,必须具有访问此报告报表的权限。
Must specify a Query to run,必须指定一个查询运行
My Settings,我的设置
Name,名称
Name Case,案例名称
Name and Description,名称和说明
Name is required,名称是必需的
Name not permitted,名称不允许
Name not set via Prompt,名称未通过设置提示
Name of the Document Type (DocType) you want this field to be linked to. e.g. Customer,字段需要链接到的文档类型（DOCTYPE）下的名称。如客户
Name of {0} cannot be {1},{0}的名称不能为{1}
Naming,命名
Naming Series mandatory,命名序列必须设置
Nested set error. Please contact the Administrator.,嵌套设置的错误。请联系管理员。
New,新建
New Password,新密码
New Record,新记录
New comment on {0} {1},新评论{0} {1}
New password emailed,新的密码已通过电子邮件发送
New value to be set,新的值已被设置
New {0},新建{0}
Next Communcation On,下次沟通在
Next Record,下一记录
Next State,下一状态
Next actions,下一步操作
No,没有
No Action,没有操作
No Communication tagged with this ,没有找到此标签相关的沟通记录:
No Copy,没有复制
No Permissions set for this criteria.,没有权限设置此条件。
No Report Loaded. Please use query-report/[Report Name] to run a report.,无报告被加载。请使用报告查询器/ [报告名称]运行报告。
No Results,没有结果
No Sidebar,没有侧边栏
No User Permissions found.,用户权限没有找到
No data found,没有找到数据
No file attached,没有附加的文件
No further records,没有记录
No one,没有人
No permission to '{0}' {1},没有权限“{0}” {1}
No permission to edit,无权限进行编辑
No permission to write / remove.,没有权限写入/删除。
No records tagged.,没有记录被打上标签
No template found at path: {0},路径{0}中没有找到模板
No {0} permission,没有{0}的权限
None,无
None: End of Workflow,无:结束的工作流程
Not Found,未找到
Not Linked to any record.,没有链接到任何记录。
Not Permitted,不被允许
Not Submitted,未提交
Not a user yet? Sign up,还不是用户?注册
Not a valid Comma Separated Value (CSV File),不是一个有效的逗号分隔值（ CSV文件）
Not allowed,不允许
Not allowed from this IP Address,被禁止的IP
Not allowed to Import,不允许导入
Not allowed to access {0} with {1} = {2},不允许访问{0} 和 {1} = {2}
Not allowed to change {0} after submission,不允许提交后更改{0}
Not allowed to move,不允许移动记录
Not allowed to reset the password of {0},不能重设{0}的密码
Not enough permission to see links.,没有足够的权限查看链接。
Not equals,不等于
Not found,未找到
Not in Developer Mode! Set in site_config.json,不是在开发模式！在site_config.json中设置
Not permitted,不被允许
"Note: For best results, images must be of the same size and width must be greater than height.",注意：为达到最佳效果，图象必须具有相同的尺寸并且宽度必须大于高度。
Note: Other permission rules may also apply,注：其它权限规则也可应用
Note: maximum attachment size = 1mb,注：附件大小上限= 1MB
Nothing to show,没有可显示的记录
Nothing to show for this selection,此选项没有记录可显示
Notification Count,通知次数
Notify by Email,通过电子邮件通知
Number Format,数字格式
Old Parent,Old Parent
On,On
"Once you have set this, the users will only be able access documents (eg. Blog Post) where the link exists (eg. Blogger).",一旦你设置这个，那么用户将只能访问有链接关系的文档。
Only Administrator allowed to create Query / Script Reports,只有管​​理员可以创建查询/报告的脚本
Only Administrator can save a standard report. Please rename and save.,只有管​​理员可以保存标准的报告。请重新命名并保存。
Only Allow Edit For,允许编辑角色
Only allowed {0} rows in one import,一次导入只允许导入{0}行
Oops! Something went wrong,糟糕！发生了个小问题
Open,打开
Open Count,打开次数
Open Sans,Open Sans
Open Source Web Applications for the Web,Web应用程序
Open a module or tool,打开一个模块或工具
Open {0},打开{0}
Optional: Alert will only be sent if value is a valid email id.,可选：当一个有效的电子邮件会发送警报通知
Optional: Always send to these ids. Each email id on a new row,可选：总是发送给这些ID的人。每一行一个电子邮件
Optional: The alert will be sent if this expression is true,可选：表达式为真的话警报会被发送
Options,选项
Options 'Dynamic Link' type of field must point to another Link Field with options as 'DocType','动态链接'类型的字段都必须指向另一个链接字段并且选项为'DocType'
Options Help,选项​​帮助
Options for select. Each option on a new line. e.g.: <br>Option 1<br>Option 2<br>Option 3<br>,选择框的选项请设置每一行作为一个选项。例如：<br>选项1<br>选项2 <br>选项3
Options must be a valid DocType for field {0} in row {1},底{1}行的选项​​必须是有效的DocType字段 {0}
Options not set for link field {0},对于链接字段{0}没有设置选项
Options requried for Link or Table type field {0} in row {1},链接的选项必填或第{1}行的表类型字段{0}
Org History,组织历史
Org History Heading,组织历史标题
Original Message,原始消息
Other,其他
Outgoing Email Settings,邮件发送设置
Outgoing Mail Server,发送邮件服务器
Outgoing Mail Server not specified,未指定发送邮件服务器
Owner,拥有者
PDF Page Size,PDF页面大小
PDF Settings,PDF设置
POP3 Mail Server (e.g. pop.gmail.com),POP3邮件服务器（如：pop.gmail.com）
Page,页面
Page #{0} of {1},{1}页中的第{0}页
Page Background,页面背景
Page HTML,页面的HTML
Page Header,页眉
Page Header Background,网页标题背景
Page Header Text,页眉文本
Page Links,网页链接
Page Name,网页名称
Page Role,页面角色
Page Text,页面文字
Page Title,页面标题
Page content,页面内容
Page not found,找不到网页
Page or Generator,页面或生成器
Page url name (auto-generated),页面的URL名称（自动生成）
Parent Label,父标签
Parent Post,父级文章
Parent Website Page,父网站页面
Parent Website Route,父网站路由
Parent Website Sitemap,父网站地图
Participants,参与者
Password,密码
Password Updated,密码已更新
Password reset instructions have been sent to your email,密码重置说明已给您发送电子邮件
Patch,补丁
Patch Log,补丁日志
Percent,百分比
Perm Level,权限等级
Permanently Cancel {0}?,永久取消{0}?
Permanently Submit {0}?,永久提交{0}?
Permanently delete {0}?,永久删除{0}?
Permission Level,权限级别
Permission Levels,权限级别列表
Permission Rules,权限规则列表
Permission already set,权限已经设置
Permissions,权限
Permissions Settings,权限设置
Permissions are automatically translated to Standard Reports and Searches.,权限设置会自动应用到标准报表和搜索中。
"Permissions are set on Roles and Document Types (called DocTypes) by setting rights like Read, Write, Create, Delete, Submit, Cancel, Amend, Report, Import, Export, Print, Email and Set User Permissions.",通过设置读，写，创建，删除，提交，取消，修改，报表，导入，导出，打印，邮件权限并将其应用到用户权限的角色文档类型（称为文档类型）。
Permissions at higher levels are 'Field Level' permissions. All Fields have a 'Permission Level' set against them and the rules defined at that permissions apply to the field. This is useful in case you want to hide or make certain field read-only for certain Roles.,字段权限是更高级别的权限;所有的字段都可以应用权限以及权限规则;这样你可以针对特定的角色隐藏或设置为只读
"Permissions at level 0 are 'Document Level' permissions, i.e. they are primary for access to the document.",0级权限是“文档级”的权限，也就是说，它们是主要用于访问文档。
Permissions get applied on Users based on what Roles they are assigned.,用户的权限是由他所在的角色的权限集合决定的。
Permitted Documents For User,用户有权限访问的文档
Person,人
Personal Info,个人信息
Phone,电话
Phone No.,电话号码
Pick Columns,选择列
Picture URL,图片网址
Pincode,PIN代码
Please attach a file first.,请先上传一个文件
Please attach a file or set a URL,请上传一个文件或设置一个URL
Please do not change the rows above {0},请不要更改{0}上面的行
Please enable pop-ups,请启用弹出窗口
Please enter Event's Date and Time!,请输入事件的日期和时间!
"Please enter both your email and message so that we \
				can get back to you. Thanks!","请输入您的电子邮件和消息，以便我们能尽快给您回复。
此致"
Please enter some text!,请输入一些文字!
Please enter title!,请输入标题!
Please login to Upvote!,请登录后进行投票
Please make sure that there are no empty columns in the file.,请确保文件中没有空列。
Please refresh to get the latest document.,请刷新以获得最新的文档。
Please reply above this line or remove it if you are replying below it,请这条线以上进行回复，如果你它下面回复则请删除它
Please select a file or url,请选择一个文件或URL
Please select atleast 1 column from {0} to sort,请从{0}至少选择一列进行排序
Please set {0} first,请先设置{0}
Please specify,请填写
Please specify 'Auto Email Id' in Setup > Outgoing Email Settings,在设置>传出电子邮件设置请填写'自动电子邮件'
Please specify Event date and time,请填写事件的日期和时间
Please specify doctype,请指定文档类型
Please specify user,请指定用户
Please specify which date field must be checked,请指定必须检查的日期字段
Please specify which value field must be checked,请指定必须检查的值
Please upload using the same template as download.,请用下载的模板进行上传
Plugin,插件
Port,端口
Post,发布
Post Publicly,公开发布
Post Topic,发表帖子
Post already exists. Cannot add again!,帖子已经存在。不能再添加！
Post does not exist. Please add post!,帖子不存在。请添加！
Post to user,发布到用户
Posts,帖子
Previous Record,上一记录
Primary,主要的
Print,打印
Print Format,打印格式
Print Format Help,打印格式帮助
Print Format Type,打印格式类型
Print Format {0} does not exist,打印格式{0}不存在
Print Format {0} is disabled,打印格式{0}被禁用
Print Hide,打印隐藏
Print Settings,打印设置
Print Style,打印样式
Print Style Preview,打印样式预览
Print Width,打印宽度
"Print with Letterhead, unless unchecked in a particular Document",除非在文件中指明不打印信头否则将默认打印
Print...,打印...
Printing and Branding,打印及品牌形象
Priority,优先级别
Private,私密的
Properties,属性列表
Property,属性
Property Setter,属性设置
Property Type,物业类型
Public,公开的
Published,已发布
Published On,发表于
Published on website at: {0},发表于网站：{0}
Pull Emails from the Inbox and attach them as Communication records (for known contacts).,从收件箱取出电子邮件，并将它们附加为沟通记录（称为已知的联系记录）。
Query,查询
Query Options,查询选项
Query Report,查询报表
Query must be a SELECT,查询必须是一个SELECT
Quick Help for Setting Permissions,设置权限快速帮助
Quick Help for User Permissions,用户权限快速帮助
Re-open,重新打开
Read,查看
Read Only,只读
Received,已收到
Recipient,接收者
Recipients,接收列表
Record does not exist,记录不存在
Ref DocType,参考DocType(文档类型)
Ref Name,参考名称
Ref Type,参考类型
Reference,参考
Reference DocName,DocName(文档名称)做为参考
Reference DocType,DocType(文档类型)作为参考
Reference Name,参考名称
Reference Type,参考类型
Refresh,刷新
Refreshing...,刷新中...
Registered but disabled.,注册了但已被禁用
Registration Details Emailed.,注册资料通过电子邮件发送。
Reload Page,加载页面
Remove Bookmark,移除书签
Remove all customizations?,移除所有自定义?
Rename many items by uploading a .csv file.,通过上传.csv文件重命名多个项目(产品)。
Rename...,重命名...
Repeat On,重复开
Repeat Till,重复直到
Repeat this Event,重复此事件
Replies,回复列表
Report,报告
Report Builder,报表生成器
Report Builder reports are managed directly by the report builder. Nothing to do.,报表生成器报表直接由报表生成器来管理。。
Report Hide,隐藏报告
Report Name,报告名称
Report Type,报告类型
Report an Issue,上报一个问题
Report cannot be set for Single types,单一的类型不能设置报告
Report this issue,报告此问题
Report was not saved (there were errors),有错误发生因此报告没有被保存
Reqd,需要的
Reset Password Key,重设密码密钥
Reset Permissions for {0}?,为{0}重置权限?
Response,回复
Restrict IP,限制IP
Restrict user from this IP address only. Multiple IP addresses can be added by separating with commas. Also accepts partial IP addresses like (111.111.111),限制用户仅能通过此IP地址访问。多个IP地址，可以通过用逗号分隔。也接受像（111.111.111）部分的IP地址
Right,右边
Role,角色
Role Name,角色名称
Role Permissions Manager,角色权限管理
Role and Level,角色和级别
Role exists,角色已存在
Roles,角色列表
Roles Assigned,已分配的角色
Roles Assigned To User,分配给用户的角色列表
Roles HTML,角色的HTML
Roles can be set for users from their User page.,可以在用户界面对其进行角色分配。
Root {0} cannot be deleted,根{0}无法删除
Row,行
Row #{0}:,第{0}行:
Rules defining transition of state in the workflow.,工作流状态的过渡的规则制定。
"Rules for how states are transitions, like next state and which role is allowed to change state etc.",规则是用于指定状态怎么流转以及什么角色能够改变状态。
Run scheduled jobs only if checked,只有勾选后才会运行定时任务
Run the report first,首先运行报表
SMTP Server (e.g. smtp.gmail.com),SMTP服务器（如smtp.gmail.com）
Sales,销售
Same file has already been attached to the record,相同的文件已经被附加到记录中
Sample,样品/例子
Saturday,星期六
Save,保存
Scheduler Log,定时计划任务日志
Script,脚本
Script Report,脚本报告
Script Type,脚本类型
Search,搜索
Search Fields,搜索字段
Search in a document type,在文档类型中搜索
Search or type a command,搜索或输入命令
Section Break,分节符
Security,安全性
Security Settings,安全设置
Select,选择
Select All,全选
Select Attachments,选择附件
Select Document Type,选择文件类型
Select Document Type or Role to start.,选择文件类型或角色
Select Print Format,选择打印格式
Select Report Name,选择报告名称
Select Role,选择角色
Select To Download:,选择要下载的:
Select Type,选择类型
Select User or DocType to start.,选择用户或的DocType(文档类型)启动
Select a Banner Image first.,首先选择一个横幅图像
Select an image of approx width 150px with a transparent background for best results.,选择约宽150像素的透明背景以获得最佳效果的图像。
Select dates to create a new ,选择一个日期来创建新的
"Select modules to be shown (based on permission). If hidden, they will be hidden for all users.",选择要显示的模块（基于权限）;如果设置为隐藏的则所有的用户将不能看见此模块。
Select or drag across time slots to create a new event.,选择或拖动到时间节点以创建一个新的事件。
"Select target = ""_blank"" to open in a new page.",选择target=_blank 在新页面中打开。
Select the label after which you want to insert new field.,插入新字段后选择标签。
Send,发送
Send Alert On,在某时发送警报:
Send As Email,由电​​子邮件发送
Send Email,发送电​​子邮件
Send Email Print Attachments as PDF (Recommended),邮件中附件以PDF格式（推荐）发送
Send Me A Copy,给我发一份
Send Password,发送密码
Send Print as PDF,发送打印为PDF
Send alert if date matches this field's value,如果日期匹配该字段的值则发送警报
Send alert if this field's value changes,如果这个字段的值改变发送警报
Send an email reminder in the morning,在早上发送电​​子邮件提醒
Send download link of a recent backup to System Managers,发送最近的备份的下载链接给系统管理员
Send enquiries to this email address,发送咨询信息到这个邮箱地址
Sender,寄件人
Sent,已发送
Sent Mail,邮件已发送
Sent Quotation,报价已发送
Sent or Received,已发送或已接收
Series,系列
Series {0} already used in {1},系列{0}已经被应用在{1}
Server,服务器
Server & Credentials,服务器和证书
Server Error: Please check your server logs or contact tech support.,服务器错误：请检查您的服务器日志或联系技术支持。
Session Expired. Logging you out,会话过期退出登录
Session Expiry,会话过期
Session Expiry in Hours e.g. 06:00,会话过期的时间(小时)，例如06:00
Session Expiry must be in format {0},会话到期格式必须是{0}
Set Banner from Image,设置图像为横幅
Set Link,设置链接
Set Login and Password if authentication is required.,如果需要身份验证设置登录名和密码。
Set Only Once,设置一次
Set Password,设置密码
Set Permissions on Document Types and Roles,为文件类型和角色设置权限
Set Permissions per User,为用户设置权限
Set User Permissions,设置用户权限
Set Value,设定值
"Set default format, page size, print style etc.",设置默认格式，页面大小，打印样式等
Set numbering series for transactions.,为交易设置编号系列。
Set outgoing mail server.,设置邮件发送服务器
Settings,设置
Settings for About Us Page.,关于我们页面的设置。
Settings for Contact Us Page.,联系我们页面的设置。
Setup,设置
Setup > User,设置>用户
Setup > User Permissions Manager,设置>用户权限管理
Setup Email Alert based on various criteria.,设置电子邮件警报根据不同的标准
Setup of fonts and background.,设置字体和背景
"Setup of top navigation bar, footer and logo.",设置顶部导航栏，页脚和徽标。
Short Bio,个人简介
Short Name,简称
Shortcut,快捷方式
Show / Hide Modules,显示/隐藏模块
Show Print First,首先显示打印
Show Tags,显示标签
Show or hide modules globally.,显示或隐藏全局模块。
Show rows with zero values,显示值为零的行
Show tags,显示标签
Show this field as title,此字段的值作为标题显示
Showing only for (if not empty),仅显示为（如果不为空）
Sidebar,边栏
Sidebar Items,边栏项目
Sidebar Links for Home Page only,主页的边栏链接
Sign Up,报名
Sign in,登录
Sign up,报名
Single Post (article).,单个帖子(文章)
Single Types have only one record no tables associated. Values are stored in tabSingles,单一类型只有一个记录。值被存储在tabSingles
Sitemap Browser,网站地图浏览
Slideshow,幻灯片
Slideshow Items,幻灯片项目
Slideshow Name,幻灯片名称
Small Text,小号文字
Social Login Keys,社交媒体登录
Solid background color (default light gray),纯色背景色（默认浅灰色）
Sorry we were unable to find what you were looking for.,对不起，我们无法找到您所查询的。
Sorry you are not permitted to view this page.,对不起，您没有权限浏览这个页面。
Sort By,由字段排序
Sort Field,排序字段
Sort Order,排序(升或降序)
Standard,标准
Standard Print Format cannot be updated,标准打印格式不能被更新
Standard Reply,标准回复
Standard Reports,标准报告列表
Standard replies to common queries.,常见问题的回复
Start Report For,启动报告
Starts on,开始于
State,状态
States,状态
"States for workflow (e.g. Draft, Approved, Cancelled).",工作流程状态（例如草案，批准，已取消）
Static File Timestamp,静态文件的时间戳
Status,状态
Step 1: Set the name and save.,第1步：设置名称和保存。
Step 2: Set Letterhead content.,第2步：设置信头的内容。
Style,风格
Style Settings,样式设置
"Style represents the button color: Success - Green, Danger - Red, Inverse - Black, Primary - Dark Blue, Info - Light Blue, Warning - Orange",风格代表按钮的颜色：成功 - 绿色，危险 - 红，逆 - 黑色，主要 - 深蓝色，信息 - 浅蓝，警告 - 橙
Sub-domain provided by erpnext.com,由erpboost.com提供的子域
Subdomain,子域名
Subject,主题
Submit,提交
Submit an Issue,提交问题
Submitted,已提交
Submitted Document cannot be converted back to draft. Transition row {0},提交的文件的状态不能被转换回草稿状态
Success,成功
Suggestion,建议
Sunday,星期天
Switch to Website,切换到网站
Sync Inbox,同步收件箱
System,系统
System Settings,系统设置
System User,系统用户
System and Website Users,系统和网站用户
System generated mails will be sent from this email id.,系统生成的邮件将被从这个电子邮件发送。
Table,表
Table {0} cannot be empty,表{0}不能为空
Tag,标签
Tag Name,标签名称
Tags,标签列表
Tahoma,宋体
Target,目标
Tasks,任务列表
Team Members,团队成员
Team Members Heading,团队成员标题
Template,模板
Template Pages cannot be moved,模板页面不能被移动
Test,测试
Test Runner,测试运行
Text,文本
Text Align,文本对齐
Text Editor,文本编辑器
Thank you for your message,谢谢您的留言
The name of your company / website as you want to appear on browser title bar. All pages will have this as the prefix to the title.,您的公司/网站的名称: 会显示在浏览器标题栏中的名称并且所有页面都会有这样的前缀称号。
The system provides many pre-defined roles. You can add new roles to set finer permissions.,该系统提供了许多预先定义的角色。您可以添加新的角色设定更精细的权限。
Then By (optional),再由（可选）
There should remain at least one System Manager,至少有一个系统管理员
There were errors,有错误发生
There were errors while sending email. Please try again.,在发送电子邮件时出现错误。请再试一次。
"There were some errors setting the name, please contact the administrator",设置名称的时候发生错误，请与管理员联系
"These permissions will apply for all transactions where the permitted record is linked. For example, if Company C is added to User Permissions of user X, user X will only be able to see transactions that has company C as a linked value.",这些权限也会被应用到被连接到的记录;例如用户X能够有访问公司C的权限;那么用户X将仅能看到所有交易中链接到公司C的交易记录。
These values will be automatically updated in transactions and also will be useful to restrict permissions for this user on transactions containing these values.,交易中的会自动更新并且基于这些更新的值的用户权限会被应用以检查用户是否有权限进行访问。
"These will also be set as default values for those links, if only one such permission record is defined.",如果只有一个权限记录被定义那么这个权限记录会被设置成默认的权限(针对链接记录的权限)。
Third Party Authentication,第三方认证
"This field will appear only if the fieldname defined here has value OR the rules are true (examples): <br>
myfield
eval:doc.myfield=='My Value'<br>
eval:doc.age>18","此字段将显示仅当定义的字段名有值或规则是真的时候;例如:查看
 MyField的
 EVAL：doc.myfield =='我的价值'<br> 
 EVAL： doc.age> 18"
This goes above the slideshow.,放置在幻灯片上面。
This is PERMANENT action and you cannot undo. Continue?,这是永久性的操作并且你不能撤消;要继续吗?
"This is a standard format. To make changes, please copy it make make a new format.",这是一个标准的格式。要进行更改，请复制出来一份并做出的新格式。
This is permanent action and you cannot undo. Continue?,这是永久性的操作并且你不能撤消;要继续吗?
This must be checked if Style Settings are applicable,如果样式设置适用这个必须被勾选
This role update User Permissions for a user,为某个用户的角色更新权限
Thursday,星期四
Tile,Tile
Time,时间
Time Zone,时区
Timezone,时区
Title,标题
Title / headline of your page,页面标题
Title Case,标题案例
Title Field,标题字段
Title Prefix,标题前缀
Title field must be a valid fieldname,标题字段必须是有效的字段名
Title is required,标题是必需的
To,至
To Do,待办事项
"To format columns, give column labels in the query.",要格式化列，将列标签放入查询中。
"To give acess to a role for only specific records, check the 'Apply User Permissions'. User Permissions are used to limit users with such role to specific records.",如果让角色只能访问特定的一些记录则请勾选“应用用户权限”。用户权限能够限制有相应角色的用户只能访问特定的记录（设置 > 用户权限管理）
"To run a test add the module name in the route after '{0}'. For example, {1}", 让一个模块的测试运行请在“{0}”之后添加模块名称到路由。例如， {1}
ToDo,待办事项
Too many writes in one request. Please send smaller requests,一个请求中包含太多的写操作请分割成小些的请求
Top Bar,顶栏
Top Bar Background,顶栏背景
Top Bar Item,顶栏元素
Top Bar Items,顶栏元素列表
Top Bar Text,顶栏文本
Top Bar text and background is same color. Please change.,最上面一栏的文本和背景颜色相同。请更改。
Transaction,交易
Transition Rules,过渡规则
Tuesday,星期二
Tweet will be shared via your user account (if specified),推文将通过您的用户帐户共享（如果指定）
Twitter Share,Twitter分享
Twitter Share via,经由Twitter分享
Type,类型
Unable to find attachment {0},找不到附件{0}
Unable to load: {0},无法加载:{0}
Unable to open attached file. Please try again.,无法打开附加的文件。请再试一次。
Unable to send emails at this time,无法在这个时候发送电子邮件
Unknown Column: {0},未知列:{0}
"Unknown file encoding. Tried utf-8, windows-1250, windows-1252.",未知文件编码。尝试UTF-8，windows-1250访问，windows-1252访问。
Unread Messages,未读消息
Unsubscribe,退订
Unsubscribed,已退订
Upcoming Events for Today,今日近期活动
Update,更新
Update Field,更新字段
Update Value,更新值
Updated,已更新
Upload,上传
Upload Attachment,上传附件
Upload CSV file containing all user permissions in the same format as Download.,根据下载的格式把用户的权限写进文件并上传
Upload a file,上传文件
Upload and Import,上传和导入
Upload and Sync,上传并同步
Uploading...,上传中...
Upvotes,投票
Use TLS,使用TLS
User,用户
User Cannot Create,用户无法创建
User Cannot Search,用户不能被搜索
User Defaults,用户默认值
User ID of a blog writer.,一个博客作者的用户ID。
User Image,用户图片
User Permission,用户权限
User Permissions,用户权限列表
User Permissions Manager,用户权限管理
User Roles,用户角色列表
User Tags,用户标签列表
User Type,用户类型
"User Type ""System User"" can access Desktop. ""Website User"" can only be logged into the website and portal pages. ",System user类型的用户能够访问应用桌面;Website user 仅能访问网站以及portal页面
User Vote,用户投票
User not allowed to delete {0}: {1},用户不得删除{0}：{1}
User permissions should not apply for this Link,这个链接不能应用用户权限
User {0} cannot be deleted,用户{0}无法被删除
User {0} cannot be disabled,用户{0}不能被禁用
User {0} cannot be renamed,用户{0}无法重命名
User {0} does not exist,用户{0}不存在
UserRole,用户角色
Users and Permissions,用户与权限
Valid Login id required.,需要有效的登录ID
Valid email and name required,需要有效的电子邮件和姓名
Users with role {0}:,有{0}角色的用户:
Value,值
Value Change,值变动
Value Changed,更改的值
Value cannot be changed for {0},值不能被改变为{0}
Value for a check field can be either 0 or 1, 可勾选的字段值可以为0或1
Value missing for,缺少值
Verdana,宋体
Version,版本
Version restored,版本恢复
View or manage Website Route tree.,查看或管理的网站路径树。
Visit,访问
Warning,警告
Warning: This Print Format is in old style and cannot be generated via the API.,警告：此打印格式是旧式的，不能通过API生成
Web Page,网页
Web Site Forum Page.,网站论坛页
Website,网站
Website Group,网站组
Website Route,网站路由
Website Route Permission,网站路由权限
Website Script,网站脚本
Website Settings,网站设置
Website Slideshow,网站幻灯片
Website Slideshow Item,网站幻灯片元素
Website User,网站用户
Wednesday,星期三
Welcome email sent,欢迎电子邮件已发送
"When you Amend a document after Cancel and save it, it will get a new number that is a version of the old number.",当您修改一个文件在取消并保存后，它会得到一个新的编号，例如从SN1000变成SN1000-1。
Width,宽度
Will be used in url (usually first name).,在URL（通常是姓）将被使用。
With Groups,与组
With Ledgers,与分类账
With Letterhead,打印抬头
Workflow,工作流程
Workflow Action,工作流行为
Workflow Action Name,工作流操作名称
Workflow Document State,工作流文档状态
Workflow Document States,工作流文档状态列表
Workflow Name,工作流名称
Workflow State,工作流状态
Workflow State Field,工作流状态字段
Workflow Transition,工作流程转换
Workflow Transitions,工作流程转换列表
Workflow will start after saving.,工作流程将在保存后启动。
Write,写
Write a Python file in the same folder where this is saved and return column and result.,写一个Python文件，在这个被保存在同一文件中返回列和结果。
Write a SELECT query. Note result is not paged (all data is sent in one go).,写一个SELECT查询。结果不分页（所有数据都一下子拿出来）。
Write titles and introductions to your blog.,写标题和介绍给你的博客。
Writers Introduction,作家简介
Year,年
Yes,是
Yesterday,昨天
You are not allowed to create / edit reports,你没有权限创建/编辑报告
You are not allowed to export the data of: {0}. Downloading empty template.,你没有权限导出的数据: {0};
You are not allowed to export this report,你没有权限导出本报告
You are not allowed to print this document,你不允许打印此文档
You are not allowed to send emails related to this document,你没有权限发送与此文档相关的电子邮件
"You can change Submitted documents by cancelling them and then, amending them.",您可以通过取消已提交的文件然后对其进行修正更改
You can use Customize Form to set levels on fields.,您可以使用自定义表单来设置级别到字段。
You can use wildcard %,可以使用通配符%
You cannot install this app,您无法安装这个应用
You have unsaved changes in this form. Please save before you continue.,你在本表单有未保存的更改;在继续之前请保存
You need to be logged in and have System Manager Role to be able to access backups.,您需要先登录，并具有系统管理员角色才能够访问备份。
You need write permission to rename,你需要写权限来重新命名
"You seem to have written your name instead of your email. \
					Please enter a valid email address so that we can get back.","似乎已经姓名已经填写\
请输入一个有效的电子邮件地址"
"Your download is being built, this may take a few moments...",您的下载正在建立，这可能需要一些时间......
[Label]:[Field Type]/[Options]:[Width],[标签]:[字段类型] / [选项列表]:[宽度]
[Optional] Send the email X days in advance of the specified date. 0 equals same day.,[可选]指定日期X天前发送电子邮件;0意味着同一天
add your own CSS (careful!),添加您自己的CSS（请小心!）
adjust,调整
align-center,对准中心
align-justify,两边对齐
align-left,左对齐
align-right,右对齐
and,和
arrow-down,向下箭头
arrow-left,向左箭头
arrow-right,右箭头
arrow-up,向上箭头
asterisk,星号
backward,后面
ban-circle,ban-circle
barcode,条形码
beginning with,以某某开头
bell,bell
bold,加粗
book,书
bookmark,书签
briefcase,公文包
bullhorn,扩音器
calendar,日程事件
camera,相机
certificate,证书
check,勾选
chevron-down,向下人字形
chevron-left,向左人字形
chevron-right,向右人字形
chevron-up,向上人字形
circle-arrow-down,向下圆圈箭头
circle-arrow-left,向左圆圈箭头
circle-arrow-right,向右圆圈箭头
circle-arrow-up,向上圆圈箭头
cog,cog
comment,评论
comments,评论列表
dd-mm-yyyy,dd-mm-yyyy
dd.mm.yyyy,dd.mm.yyyy
dd/mm/yyyy,dd/mm/yyyy
download,下载
download-alt,下载的Alt
edit,编辑
eject,拒绝
envelope,信封
exclamation-sign,惊叹号标志
eye-close,眼睛闭
eye-open,眼睛开
facetime-video,FaceTime的视频
fast-backward,快退
fast-forward,快进
file,文件
film,电影
filter,过滤器
fire,火
flag,旗
folder-close,文件夹闭
folder-open,文件夹打开
font,字形
forward,向前
found,被发现
fullscreen,全屏
gift,礼物
glass,玻璃
globe,地球
hand-down,用手向下
hand-left,左手
hand-right,右手
hand-up,举手
hdd,硬盘
headphones,头戴耳机
heart,心脏
home,家
icon,图标
inbox,收件箱
indent-left,缩进左
indent-right,缩进右
info-sign,信息符号
is not allowed.,是不允许的
italic,斜体
leaf,叶
lft,lft
list,列表
list-alt,列表ALT
lock,锁
lowercase,小写
magnet,磁铁
map-marker,地图标记
memcached is not working / stopped. Please start memcached for best results.,memcached is not working / stopped. Please start memcached for best results.
minus,减
minus-sign,减号
mm-dd-yyyy,mm-dd-yyyy
mm/dd/yyyy,mm/dd/yyyy
move,移动
music,音乐
none of,没有
off,off
ok,ok
ok-circle,ok-circle
ok-sign,ok-sign
one of,其中一个
or,或
pause,暂停
pencil,铅笔
picture,图片
plane,飞机
play,玩
play-circle,玩圈
plus,加
plus-sign,加号
print,打印
qrcode,二维码
question-sign,问题符号
random,随机
refresh,刷新
remove,清除
remove-circle,删除圈
remove-sign,删除符号
repeat,重复
resize-full,调整满
resize-horizontal,调整大小水平
resize-small,调整到小
resize-vertical,垂直调整
retweet,retweet
rgt,rgt
road,道路
screenshot,屏幕截图
search,搜索
share,共享
share-alt,share-alt
shopping-cart,购物车
signal,信号
star,明星
star-empty,空星
step-backward,向后
step-forward,向前
stop,停止
tag,标签
tags,标签列表
"target = ""_blank""",target = '_blank'
tasks,任务列表
text-height,文字高度
text-width,文字宽度
th,th
th-large,th-large
th-list,th-list
thumbs-down,拇指向下
thumbs-up,竖起大拇指
time,时间
tint,色彩
to,至
trash,垃圾
upload,上传
use % as wildcard,使用%作为通配符
user,用户
user_image_show,user_image_show
values and dates,值和日期
values separated by commas,多值用逗号分隔
volume-down,容积下降
volume-off,体积关
volume-up,容积上升
warning-sign,警告符号
wrench,扳手
yyyy-mm-dd,yyyy-mm-dd
zoom-in,放大
zoom-out,拉远
{0} List,{0}列表
{0} added,{0}已添加
{0} by {1},{0} by {1}
{0} cannot be set for Single types,单类型不能设置{0}
{0} does not exist in row {1},第{1}行中不存在{0}
{0} in row {1} cannot have both URL and child items,第{1}行的{0}不能同时有URL和子项
{0} is not a valid email id,{0}不是一个有效的电子邮件
{0} is required,{0}是必需的
{0} is saved,{0}保存成功
{0} must be one of {1},{0}必须是{1}中的一个
{0} must be set first,{0}必须首先设置
{0} not a valid State,{0}不是有效的状态
{0} not allowed in fieldname {1},{0}不允许出现在字段名{1}中
{0} not allowed in name,名称中不能包含{0}
{0} not allowed to be renamed,{0}不能够被重命名
{0} updated,{0}已被更新
{0} {1} already exists,{0} {1}已经存在
"{0} {1} cannot be ""{2}"". It should be one of ""{3}""",{0} {1}不能为'{2}'。它应该是'{3}'中的一个
{0} {1} cannot be a leaf node as it has children,{0} {1}不能是一个叶节点，因为它有子节点
"{0} {1} does not exist, select a new target to merge",{0} {1}不存在，选择一个新的目标合并
{0} {1} not found,{0} {1}未找到
{0} {1}: Submitted Record cannot be deleted.,{0} {1}：记录状态为已提交的不能被删除。
{0}: Cannot set Amend without Cancel,{0}没有取消的权限的话是不能更改操作的
{0}: Cannot set Assign Amend if not Submittable,{0}状态不是可提交权限的话是不能指派修改权限的
{0}: Cannot set Assign Submit if not Submittable,{0}状态不是可提交权限的话是不能指派提交权限的
{0}: Cannot set Cancel without Submit,{0}没有提交权限的话是不能设置取消权限的
{0}: Cannot set Import without Create,{0}没有创建的权限的话是不能设置导入权限的
"{0}: Cannot set Submit, Cancel, Amend without Write",{0}没有写权限的话是不能设置提交 取消 修改权限的
{0}: Cannot set import as {1} is not importable,{0}:无法设置导入因为{1}是不可导入的
"{0}: Create, Submit, Cancel and Amend only valid at level 0",{0}:创建，提交，取消和修改只适用于0级
{0}: No basic permissions set,{0}:无基本权限设置
"{0}: Only one rule allowed with the same Role, Level and Apply User Permissions",{0}:只有一个规则被允许应用到相同的角色，级别和用户权限中
{0}: Permission at level 0 must be set before higher levels are set,{0}:在更高级别设置前必须先设置级别0的权限
{app_title},{ app_title }
###########################,###########################
Select User,选择用户
Select DocType,选择文档类型
Add Filter,添加过滤
Accounts Manager,财务经理
Accounts User,财务人员
Administrator,超级管理员
Analytics,分析人员
Auditor,审计人员
Expense Approver,费用审批人员
Guest,来宾
HR Manager,人力资源经理
HR User,人力资源人员
Leave Approver,休假审批
Maintenance Manager,维保经理
Maintenance User,维保人员
Manufacturing User,生产人员
Manufacturing Manager,生产经理
Material Manager,原材料经理
Material Master Manager,原材料数据管理员
Material User,原材料人员
Projects Manager,项目经理
Projects User,项目人员
Purchase Manager,采购经理
Purchase Master Manager,采购主数据管理员
Purchase User,采购人员
Quality Manager,质检经理
Report Manager,报表管理员
Sales Manager,销售经理
Sales Master Manager,销售主数据管理员
Sales User,销售人员
Supplier,供应商
Support Manager,客户支持经理
Support Team,客户支持团队
System Manager,系统管理员
Website Manager,网站管理员
All,任何人
Role Permission Manager,角色权限管理
Restore Original Permissions,恢复初始权限
Doctypes,文档类型
Show User Permission,显示用户权限
read,读
write,写
No {0} found, 未找到{0}的记录
Download Template,下载模板
Download a template for importing a table.,下载导入数据表的模板
Download with data,下载并包含数据
Export all rows in CSV fields for re-upload. This is ideal for bulk-editing.,导出所有行到CSV文件里来重新上传，如果需要批量更改数据可以在此时进行
Import Data,导入数据
Attach .csv file to import data,上传CSV文件导入数据
Help: Importing non-English data in Microsoft Excel,帮助:导入数据到Excel
While uploading non English files ensure that the encoding is UTF-8.,请确保文件编码是UTF-8
"In Excel, save the file in CSV (Comma Delimited) format",在excel中保存文件为CSV格式(逗号分隔)
Open this saved file in Notepad,在Notepad里面打开保存的文件
Click on File -&gt; Save As,点击文件另存为
Click on Save,点击保存
Performing hardcore import process,导入进行中
All Tables (Main + Child Tables),所有的主表与字表
Ignore Encoding Errors,忽略编码错误
"If you are inserting new records (overwrite not checked) and if you have submit permission, the record will be submitted.","如果插入新数据(覆盖没有勾选)\在有权限的情况下数据将被提交进数据库"
Overwrite,覆盖
"If you are uploading a child table (for example Item Price), the all the entries of that table will be deleted (for that parent record) and new entries will be made.",如果上传子表的数据，则其主键父表对应的子记录将被删除并重新被创建
Import Successful!,导入成功
Import Failed!,导入失败
"File Name: &lt;your filename&gt;.csv<br />Save as type: Text Documents (*.txt)<br />Encoding: UTF-8",文件编码是UTF-8并存为.txt文件
Make a new {0},创建一条{0}的记录
Editing Row,编辑行
Shortcuts,快捷方式
just now,刚刚
Users,用户
Messages from everyone,用户发来的消息
List of patches executed,执行过的补丁列表
Bulk Email records.,群发邮件日志
Log of Scheduler Errors,定时日志错误
Accounts,财会
Buying,采购
Core,核心
Manufacturing,生产
Projects,项目
Selling,销售
Setup,设置
Stock,库存
Support,客户支持
Website,网站
You can also drag and drop attachments,也能够直接拖拽上传
Add comment,添加评论
Add Tag,添加标签
Scheduler Failed Events,定时器失败事件
Search Link,搜索
Open Link,打开
Make New,新建
[No Subject],[无主题]
[no content],[无内容]
[unknown sender],[未知发件人]
 yet.,.
Qty,数量
Document Status,文档状态
Created On,创建时间
Document Types,文档类型
Select Document Types,选择文档类型
Show User Permissions,显示用户权限
Apply User Permissions of these Document Types,对以下文档应用用户权限
Select ,选择
Dialog box to select a Link Value,从弹出框选择链接到的值
Print Heading,打印抬头
Letter Head,抬头
Last Updated On,上次更新时间
Created By,创建人
GL Entry,总账条目
This form does not have any input,表单未有任何输入
Landed Cost Voucher,到岸成本凭证
Check how the newsletter looks in an email by sending it to your email.,发送至你的邮箱来检查用户收到简讯的样子
Select who you want to send this newsletter to,选择你想发送此简讯的人
Defines workflow states and rules for a document.,定义文档的工作流状态和规则
Keep a track of all communications,记录所有沟通
Represents a User in the system.,系统中的用户
Workflow state represents the current state of a document.,文档工作流程状态设置
Adds a custom field to a DocType,为文档类型添加自定义字段
Adds a custom script (client or server) to a DocType,文文档类型添加自定义脚本
DocType is a Table / Form in the application.,文档类型类似于应用程序的数据表或者是表单
Email Settings for Outgoing and Incoming Emails.,接发邮件服务器设置
Property Setter overrides a standard DocType or Field property,属性设置器用来重载标准文档类型或者字段属性
Workflow Action Master,工作流行为主数据
Select {0},选择{0}
No Communication tagged with this {0} yet.,未发现有此标签的沟通记录
Rename {0},重命名{0}
Not Set,未设置
Ordered,已下单
Created,已创建
Assigned,已分配
Assignment Completed,分配完成
Attachment,附件
Attachment Removed,附件移除
1 minute ago,1分钟之前
{0} minutes ago,{0}分钟前
1 hour ago,1小时前
{0} hours ago,{0}小时前
Yesterday,昨天
{0} days ago,{0}天前
{0} weeks ago,{0}周前
{0} months ago,{0}月前
{0} year(s) ago,{0}年前
Jan,1月
Feb,2月
Mar,3月
Apr,4月
May,5月
Jun,6月
Jul,7月
Aug,8月
Sep,9月
Oct,10月
Nov,11月
Dec,12月
To Do,待办事项
Sr No,序号
Posting Date,发布日期
"Additional filters based on User Permissions, having:",过滤条件基于用户的权限:
Note: fields having empty value for above criteria are not filtered out.,以上条件值为空的记录未被过滤掉
"A user with ""Expense Approver"" role", 用户的角色是费用审批
"If checked, all other workflows become inactive.",如果勾选则所有其它的流程为非激活状态
Approved,已审批
Rejected,已拒绝
Comment Type,评论类型
You can start by selecting backup frequency and granting access for sync,你可以设置同步权限以及同步频率
Export to Fixtures,导出
"Brand is what appears on the top-left of the toolbar. If it is an image, make sure it\nhas a transparent background and use the &lt;img /&gt; tag. Keep size as 200px x 30px",品牌形象会出现在顶部左边。如果是图像请确保是透明背景的图片。大小为200 * 300
"Link for About Us Page is ""/about""","关于我们的链接为""/about"""
"Link for Contact Page Page is ""/contact""","联系我们的链接为""/contact"""
"For Links, enter the DocType as range\nFor Select, enter list of Options separated by comma",如果是链接则请输入文档类型为范围；如果是选择则输入以逗号分隔的选项
"Print Width of the field, if the field is a column in a table",如果是字段是表中的列的话可以设置列的打印宽度
"This field will appear only if the fieldname defined here has value OR the rules are true (examples): <br>\nmyfield\neval:doc.myfield=='My Value'<br>\neval:doc.age>18","此字段将显示仅当定义的字段名有值或规则是真的时候;例如: <br>\nmyfield\neval:doc.myfield=='My Value'
Row {0}: Not allowed to enable Allow on Submit for standard fields,第{0}行: 不允许在标准字段设置"允许提交"
to filter values between 5 & 10,过滤值在5到10之间的值
Please do not change the template headings.,请不要改变模板的顶部信息
First data column must be blank.,第一个数据列要留空
"If you are uploading new records, leave the ""name"" (ID) column blank.",如果要上传新的记录请将”name“(ID)列留空
"If you are uploading new records, ""Naming Series"" becomes mandatory, if present.",如果是上传新的记录如果有命名序列的话则必填
Only mandatory fields are necessary for new records. You can delete non-mandatory columns if you wish.,仅仅是标记为必填的字段是必须填写的;选填的字段如果不需要请删除
"For updating, you can update only selective columns.",如果是更新的话则主要保留想要更新的字段即可
You can only upload upto 5000 records in one go. (may be less in some cases),最多一次只能上传3000条记录
"""Parent"" signifies the parent table in which this row must be added",父标识着数据需要添加到父表去
"If you are updating, please select ""Overwrite"" else existing rows will not be deleted.",如果是更新则请选择重写不然的话现有的行不会被删除
Leave blank for new records,新纪录的话请留空
Start entering data below this line,从下行开始输入
Column Labels:,列标签
Column Name:,列名
Mandatory:,必填
Main Table,主表
Child Tables,子表
Please set User ID field in an Employee record to set Employee Role,设置员工角色请在员工记录里面设置到此用户账号会自动关联
Select Document Types to set which User Permissions are used to limit access.,选择要通过用户权限限制访问的文档类型
Edit Role Permissions,编辑角色权限
Scheduler Errors,定时计划器错误报告
Default Weekly Digest,默认每周摘要
Scheduler Failed Events,定时器事件失败报告
There were no updates in the items selected for this digest.,此摘要里无更新记录
"To change what you see here,create more digests, go to Setup > Email Digest",要更改请到设置 > 邮件摘要中进行设置
"The task %s, that you assigned to %s, has been closed.","分配给%s的任务%s已经做完了"
Permissions Updated,权限已更新
Add New User Permission,添加新的用户权限
Role Permissions,角色权限
Help: Field Properties,帮组:字段属性
Set the display label for the field,设置字段显示的标签
Type,类型
Options,选项
Specify the value of the field,指定字段的值
Perm Level,权限级别
Assign a permission level to the field.,给字段赋予权限级别
Permissions can be managed via Setup &gt; Role Permissions Manager,权限可以通过设置里面的角色权限管理进行设置
Width of the input box,输入框的宽度
Example,例子
Mark the field as Mandatory,设置为必须选项
Use the field to filter records,通过过滤器过滤记录
Hide field in form,隐藏表单的字段
Print Hide,打印隐藏
Hide field in Standard Print Format,在标准打印格式中隐藏字段
Hide field in Report Builder,报表声称其中隐藏此字段
Allow field to remain editable even after submission,允许字段在提交后仍保持编辑状态
Show a description below the field,在字段下显示其描述信息
Specify a default value,指明一个默认值
Press Esc to close,按ESC键关闭
Assigned to {0},已分配给{0}
Added {0},{0}已添加
Removed {0},{0}已移除
Last Comment,最新评论
Enable Report,启用报表
Disable Report,禁用报表
"A new task, %s, has been assigned to you by %s. %s",新的任务%s已经被分配你%s. %s
"The task %s, that you assigned to %s, has been closed	by %s.",任务%s: 分配给%s的已经被%s关闭了
"The task %s, that you assigned to %s, has been closed.",任务%s: 分配给%s的已经被关闭了
Paragraph,段落
Bold (Ctrl/Cmd+B),加粗 (Ctrl/Cmd+B)
Bullet list,列表
Number list,数字列表
Reduce indent (Shift+Tab),减小缩进 (Shift+Tab)
Indent (Tab),缩进 (Tab)
Align Left (Ctrl/Cmd+L),左对齐(Ctrl/Cmd+L)
Center (Ctrl/Cmd+E),右对齐(Ctrl/Cmd+E)
Insert Link,插入链接
Remove Link,移除链接
Insert picture (or just drag & drop),插入图片(或拖拽)
Horizontal Line Break,水平行分隔符
Password Reset,密码重设
Password Update,密码更新
Verify Your Account,验证账户
disabled user,已禁用的用户
Show or Hide Modules,显示或隐藏模块
Page missing or moved,找不到指定页面
"We are very sorry for this, but the page you are looking for is missing (this could be because of a typo in the address) or moved.",很抱歉，我们未能找到您请求的页面
Please click on the following link to set your new password,请点击以下链接设置你的新密码
Thank you,谢谢您
Password Update Notification,密码更新通知
our password has been updated. Here is your new password,密码已经更新，新密码为:
A new account has been created for you,系统为你创建了一个新的账户
Your login id is,你的登录账号为
Click on the link below to complete your registration and set a new password,点击以下链接来完成注册并设置一个新的密码
Complete Registration,注册完成
You can also copy-paste this link in your browser,你也可以拷贝以下链接到浏览器中直接访问
Reset Password,重设密码
Please save before attaching.,请保存后再上传(支持拖拽上传)
Confirm,确定
Remove Filter,移除过滤条件
New Name,新的名称
Merge with existing,与现有名称合并
"Filter must have 4 values (doctype, fieldname, condition, value):",过滤类型必须有4个值(文档类型，字段名，条件，值)
Filter must be a tuple or list (in a list),过滤类型必须是一个列表
Download PDF,下载PDF
Letterhead,信头